Name,Position,Ref_base,mut_rate_precentage,mut_seqs,Location
F_N,29148,T,2.56981,EPI_ISL_918535｜EPI_ISL_940613｜EPI_ISL_940629｜EPI_ISL_977490｜EPI_ISL_984251｜EPI_ISL_984256｜EPI_ISL_1040824｜EPI_ISL_1060934｜EPI_ISL_1068265｜EPI_ISL_1079159｜EPI_ISL_1123375｜EPI_ISL_1139069｜EPI_ISL_1139077｜EPI_ISL_1161414｜EPI_ISL_1164986｜EPI_ISL_1164988｜EPI_ISL_1167668｜EPI_ISL_1167759｜EPI_ISL_1167764｜EPI_ISL_1167771｜EPI_ISL_1167772｜EPI_ISL_1167778｜EPI_ISL_1167788｜EPI_ISL_1167804｜EPI_ISL_1167871｜EPI_ISL_1167875｜EPI_ISL_1167909｜EPI_ISL_1171630｜EPI_ISL_1182548｜EPI_ISL_1182564｜EPI_ISL_1182572｜EPI_ISL_1196282｜EPI_ISL_1181399｜EPI_ISL_1181397｜EPI_ISL_1181398｜EPI_ISL_1181395｜EPI_ISL_1181396｜EPI_ISL_1181393｜EPI_ISL_1181394｜EPI_ISL_1181380｜EPI_ISL_1181412｜EPI_ISL_1181413｜EPI_ISL_1181410｜EPI_ISL_1181411｜EPI_ISL_1181409｜EPI_ISL_1181407｜EPI_ISL_1181408｜EPI_ISL_1181405｜EPI_ISL_1181406｜EPI_ISL_1181403｜EPI_ISL_1181404｜EPI_ISL_1181401｜EPI_ISL_1181402｜EPI_ISL_1181400｜EPI_ISL_1181414｜EPI_ISL_1181371｜EPI_ISL_1181370｜EPI_ISL_1181365｜EPI_ISL_1181362｜EPI_ISL_1213156｜EPI_ISL_1213216｜EPI_ISL_1213259｜EPI_ISL_1213289｜EPI_ISL_1213303｜EPI_ISL_1213328｜EPI_ISL_1213381｜EPI_ISL_1213384｜EPI_ISL_1239118｜EPI_ISL_1239134｜EPI_ISL_1261695｜EPI_ISL_1261700｜EPI_ISL_1293066｜EPI_ISL_1293074｜EPI_ISL_1300480｜EPI_ISL_1300481｜EPI_ISL_1300486｜EPI_ISL_1300495｜EPI_ISL_1300499｜EPI_ISL_1300502｜EPI_ISL_1300508｜EPI_ISL_1300511｜EPI_ISL_1300514｜EPI_ISL_1300517｜EPI_ISL_1303500｜EPI_ISL_1303501｜EPI_ISL_1303504｜EPI_ISL_1321450｜EPI_ISL_1321454｜EPI_ISL_1321495｜EPI_ISL_1321496｜EPI_ISL_1321498｜EPI_ISL_1321505｜EPI_ISL_1321509｜EPI_ISL_1321512｜EPI_ISL_1321515｜EPI_ISL_1321528｜EPI_ISL_1321537｜EPI_ISL_1321538｜EPI_ISL_1321544｜EPI_ISL_1321556｜EPI_ISL_1321560｜EPI_ISL_1321563｜EPI_ISL_1321576｜EPI_ISL_1321578｜EPI_ISL_1321579｜EPI_ISL_1395781｜EPI_ISL_1395830｜EPI_ISL_1395939｜EPI_ISL_1395991｜EPI_ISL_1396047｜EPI_ISL_1396356｜EPI_ISL_1468462｜EPI_ISL_1470424｜EPI_ISL_1470461｜EPI_ISL_1470464｜EPI_ISL_1470480｜EPI_ISL_1470489｜EPI_ISL_1492648｜EPI_ISL_1492652｜EPI_ISL_1492675｜EPI_ISL_1465277｜EPI_ISL_1465186｜EPI_ISL_1465226｜EPI_ISL_1465224｜EPI_ISL_1465228｜EPI_ISL_1465229｜EPI_ISL_1465234｜EPI_ISL_1465231｜EPI_ISL_1465232｜EPI_ISL_1465238｜EPI_ISL_1465235｜EPI_ISL_1465236｜EPI_ISL_1465239｜EPI_ISL_1465241｜EPI_ISL_1465245｜EPI_ISL_1465242｜EPI_ISL_1465243｜EPI_ISL_1465249｜EPI_ISL_1465246｜EPI_ISL_1465250｜EPI_ISL_1465259｜EPI_ISL_1465261｜EPI_ISL_1465267｜EPI_ISL_1465268｜EPI_ISL_1493583｜EPI_ISL_1493595｜EPI_ISL_1493597｜EPI_ISL_1493599｜EPI_ISL_1498585｜EPI_ISL_1520114｜EPI_ISL_1533694｜EPI_ISL_1534675｜EPI_ISL_1534689｜EPI_ISL_1541019｜EPI_ISL_1541070｜EPI_ISL_1583641｜EPI_ISL_1583666｜EPI_ISL_1626009｜EPI_ISL_1633371｜EPI_ISL_1633405｜EPI_ISL_1716878｜EPI_ISL_1716879｜EPI_ISL_1821227｜EPI_ISL_2007473｜EPI_ISL_2007495｜EPI_ISL_2007543｜EPI_ISL_2007556｜EPI_ISL_2007558｜EPI_ISL_2007559｜EPI_ISL_2007563｜EPI_ISL_2007567｜EPI_ISL_2007568｜EPI_ISL_2007571｜EPI_ISL_2007572｜EPI_ISL_2007574｜EPI_ISL_2007576｜EPI_ISL_2007579｜EPI_ISL_2007581｜EPI_ISL_2007582｜EPI_ISL_2009066｜EPI_ISL_2104824｜EPI_ISL_2104825｜EPI_ISL_2104826｜EPI_ISL_2105566｜EPI_ISL_2107305｜EPI_ISL_2135135｜EPI_ISL_2135139｜EPI_ISL_2135140｜EPI_ISL_2135149｜EPI_ISL_2135151｜EPI_ISL_2135266｜EPI_ISL_2135286｜EPI_ISL_2135288｜EPI_ISL_2135289｜EPI_ISL_2135290｜EPI_ISL_2135295｜EPI_ISL_2135299｜EPI_ISL_2135305｜EPI_ISL_2135306｜EPI_ISL_2135307｜EPI_ISL_2135308｜EPI_ISL_2135310｜EPI_ISL_2135314｜EPI_ISL_2135315｜EPI_ISL_2135317｜EPI_ISL_2135318｜EPI_ISL_2135319｜EPI_ISL_2135321｜EPI_ISL_2135323｜EPI_ISL_2135324｜EPI_ISL_2135325｜EPI_ISL_2135328｜EPI_ISL_2135329｜EPI_ISL_2135332｜EPI_ISL_2135334｜EPI_ISL_2135341｜EPI_ISL_2135682｜EPI_ISL_2135686｜EPI_ISL_2135689｜EPI_ISL_2135690｜EPI_ISL_2135691｜EPI_ISL_2135707｜EPI_ISL_2135711｜EPI_ISL_2135714｜EPI_ISL_2135986｜EPI_ISL_2135998｜EPI_ISL_2136001｜EPI_ISL_2136002｜EPI_ISL_2136004｜EPI_ISL_2136005｜EPI_ISL_2136007｜EPI_ISL_2136008｜EPI_ISL_2136009｜EPI_ISL_2136017｜EPI_ISL_2136018｜EPI_ISL_2136019｜EPI_ISL_2136020｜EPI_ISL_2136024｜EPI_ISL_2136025｜EPI_ISL_2136030｜EPI_ISL_2136031｜EPI_ISL_2136032｜EPI_ISL_2136033｜EPI_ISL_2136035｜EPI_ISL_2136037｜EPI_ISL_2136039｜EPI_ISL_2136041｜EPI_ISL_2136042｜EPI_ISL_2136055｜EPI_ISL_2136057｜EPI_ISL_2136058｜EPI_ISL_2136062｜EPI_ISL_2136064｜EPI_ISL_2136070｜EPI_ISL_2136071｜EPI_ISL_2136073｜EPI_ISL_2136074｜EPI_ISL_2136076｜EPI_ISL_2136109｜EPI_ISL_2136131｜EPI_ISL_2136139｜EPI_ISL_2136144｜EPI_ISL_2136145｜EPI_ISL_2136146｜EPI_ISL_2136148｜EPI_ISL_2136150｜EPI_ISL_2136154｜EPI_ISL_2136156｜EPI_ISL_2136157｜EPI_ISL_2136162｜EPI_ISL_2136167｜EPI_ISL_2136173｜EPI_ISL_2136174｜EPI_ISL_2136183｜EPI_ISL_2140062｜EPI_ISL_2140065｜EPI_ISL_2140088｜EPI_ISL_2140090｜EPI_ISL_2140102｜EPI_ISL_2140111｜EPI_ISL_2140117｜EPI_ISL_2140118｜EPI_ISL_2140119｜EPI_ISL_2140123｜EPI_ISL_2140125｜EPI_ISL_2140127｜EPI_ISL_2140137｜EPI_ISL_2140139｜EPI_ISL_2140140｜EPI_ISL_2156096｜EPI_ISL_2158698｜EPI_ISL_2158714｜EPI_ISL_2158721｜EPI_ISL_2158727｜EPI_ISL_2158729｜EPI_ISL_2158771｜EPI_ISL_2158790｜EPI_ISL_2158793｜EPI_ISL_2158795｜EPI_ISL_2158801｜EPI_ISL_2158807｜EPI_ISL_2158810｜EPI_ISL_2158812｜EPI_ISL_2158821｜EPI_ISL_2158835｜EPI_ISL_2158850｜EPI_ISL_2172524｜EPI_ISL_2187705｜EPI_ISL_2187724｜EPI_ISL_2187732｜EPI_ISL_2234889｜EPI_ISL_2234891｜EPI_ISL_2234899｜EPI_ISL_2241504｜EPI_ISL_2241552｜EPI_ISL_2241592｜EPI_ISL_2241598｜EPI_ISL_2241599｜EPI_ISL_2241603｜EPI_ISL_2245194｜EPI_ISL_2249344｜EPI_ISL_2249431｜EPI_ISL_2249446｜EPI_ISL_2274081｜EPI_ISL_2274085｜EPI_ISL_2274089｜EPI_ISL_2298735｜EPI_ISL_2298739｜EPI_ISL_2298741｜EPI_ISL_2298776｜EPI_ISL_2298778｜EPI_ISL_2298797｜EPI_ISL_2298836｜EPI_ISL_2298837｜EPI_ISL_2308427｜EPI_ISL_2308453｜EPI_ISL_2308468｜EPI_ISL_2308522｜EPI_ISL_2344241｜EPI_ISL_2344255｜EPI_ISL_2344308｜EPI_ISL_2344319｜EPI_ISL_2345446｜EPI_ISL_2345512｜EPI_ISL_2363521｜EPI_ISL_2363525｜EPI_ISL_2363526｜EPI_ISL_2363527｜EPI_ISL_2363529｜EPI_ISL_2363532｜EPI_ISL_2363533｜EPI_ISL_2363534｜EPI_ISL_2363536｜EPI_ISL_2363537｜EPI_ISL_2363538｜EPI_ISL_2363540｜EPI_ISL_2363556｜EPI_ISL_2363572,South America
F_N,29149,C,0.68193,EPI_ISL_861681｜EPI_ISL_906073｜EPI_ISL_906079｜EPI_ISL_940610｜EPI_ISL_940611｜EPI_ISL_1000668｜EPI_ISL_1000670｜EPI_ISL_1035770｜EPI_ISL_1078996｜EPI_ISL_1086051｜EPI_ISL_1096128｜EPI_ISL_1121306｜EPI_ISL_1171625｜EPI_ISL_1171647｜EPI_ISL_1358307｜EPI_ISL_1395781｜EPI_ISL_1445186｜EPI_ISL_1445253｜EPI_ISL_1468441｜EPI_ISL_1470541｜EPI_ISL_1520110｜EPI_ISL_1521325｜EPI_ISL_1633402｜EPI_ISL_1633408｜EPI_ISL_1652046｜EPI_ISL_1704994｜EPI_ISL_1792321｜EPI_ISL_1795420｜EPI_ISL_1966099｜EPI_ISL_1966221｜EPI_ISL_1966237｜EPI_ISL_1966261｜EPI_ISL_1966563｜EPI_ISL_2007473｜EPI_ISL_2007567｜EPI_ISL_2007572｜EPI_ISL_2007582｜EPI_ISL_2009662｜EPI_ISL_2104824｜EPI_ISL_2135135｜EPI_ISL_2135151｜EPI_ISL_2135266｜EPI_ISL_2135307｜EPI_ISL_2135308｜EPI_ISL_2135310｜EPI_ISL_2135314｜EPI_ISL_2135315｜EPI_ISL_2135317｜EPI_ISL_2135318｜EPI_ISL_2135319｜EPI_ISL_2135321｜EPI_ISL_2135323｜EPI_ISL_2135329｜EPI_ISL_2135686｜EPI_ISL_2135711｜EPI_ISL_2136008｜EPI_ISL_2136025｜EPI_ISL_2136030｜EPI_ISL_2136031｜EPI_ISL_2136032｜EPI_ISL_2136033｜EPI_ISL_2136035｜EPI_ISL_2136037｜EPI_ISL_2136041｜EPI_ISL_2136042｜EPI_ISL_2136167｜EPI_ISL_2136173｜EPI_ISL_2136174｜EPI_ISL_2136183｜EPI_ISL_2140062｜EPI_ISL_2140088｜EPI_ISL_2140118｜EPI_ISL_2140119｜EPI_ISL_2140123｜EPI_ISL_2140125｜EPI_ISL_2140127｜EPI_ISL_2140139｜EPI_ISL_2155041｜EPI_ISL_2158714｜EPI_ISL_2158727｜EPI_ISL_2158729｜EPI_ISL_2158771｜EPI_ISL_2158793｜EPI_ISL_2158795｜EPI_ISL_2158807｜EPI_ISL_2158810｜EPI_ISL_2158821｜EPI_ISL_2158835｜EPI_ISL_2158850｜EPI_ISL_2170959｜EPI_ISL_2187859｜EPI_ISL_2209607｜EPI_ISL_2345573｜EPI_ISL_2363525｜EPI_ISL_2363572,South America
F_ORF1b-nsp14,18788,C,0.51035,EPI_ISL_905241｜EPI_ISL_1013805｜EPI_ISL_1014610｜EPI_ISL_1014617｜EPI_ISL_1014619｜EPI_ISL_1014620｜EPI_ISL_1014644｜EPI_ISL_1014651｜EPI_ISL_1014652｜EPI_ISL_1014658｜EPI_ISL_1035790｜EPI_ISL_1035798｜EPI_ISL_1035800｜EPI_ISL_1090200｜EPI_ISL_1165588｜EPI_ISL_1165601｜EPI_ISL_1165624｜EPI_ISL_1232604｜EPI_ISL_1396357｜EPI_ISL_1396359｜EPI_ISL_1396361｜EPI_ISL_1396363｜EPI_ISL_1445170｜EPI_ISL_1445239｜EPI_ISL_1540997｜EPI_ISL_1625998｜EPI_ISL_1752668｜EPI_ISL_1795117｜EPI_ISL_1795146｜EPI_ISL_1795153｜EPI_ISL_1795208｜EPI_ISL_1795301｜EPI_ISL_1795302｜EPI_ISL_1960063｜EPI_ISL_1966071｜EPI_ISL_1966196｜EPI_ISL_1966310｜EPI_ISL_1966324｜EPI_ISL_1966331｜EPI_ISL_1966334｜EPI_ISL_1966489｜EPI_ISL_1966706｜EPI_ISL_1966717｜EPI_ISL_1967067｜EPI_ISL_1967172｜EPI_ISL_1967238｜EPI_ISL_1967269｜EPI_ISL_2007473｜EPI_ISL_2017306｜EPI_ISL_2105677｜EPI_ISL_2209059｜EPI_ISL_2303363｜EPI_ISL_2321594｜EPI_ISL_2344690｜EPI_ISL_2344711｜EPI_ISL_2345049｜EPI_ISL_2345050｜EPI_ISL_2345055｜EPI_ISL_2345127｜EPI_ISL_2345317｜EPI_ISL_2345353｜EPI_ISL_2345362｜EPI_ISL_2345435｜EPI_ISL_2345545｜EPI_ISL_2345548｜EPI_ISL_2345665｜EPI_ISL_2345758｜EPI_ISL_2345856｜EPI_ISL_2345894｜EPI_ISL_2345916｜EPI_ISL_2362261,South America
R_N,29254,G,0.22248,EPI_ISL_845638｜EPI_ISL_1014647｜EPI_ISL_1015474｜EPI_ISL_1015476｜EPI_ISL_1035776｜EPI_ISL_1035793｜EPI_ISL_1213234｜EPI_ISL_1213297｜EPI_ISL_1213300｜EPI_ISL_1213397｜EPI_ISL_1216234｜EPI_ISL_1321557｜EPI_ISL_1321595｜EPI_ISL_1358313｜EPI_ISL_1493594｜EPI_ISL_1495040｜EPI_ISL_1495042｜EPI_ISL_1534550｜EPI_ISL_1534576｜EPI_ISL_1625981｜EPI_ISL_1629748｜EPI_ISL_1633496｜EPI_ISL_1967189｜EPI_ISL_1968640｜EPI_ISL_2101562｜EPI_ISL_2196246｜EPI_ISL_2241317｜EPI_ISL_2241319｜EPI_ISL_2245109｜EPI_ISL_2274112｜EPI_ISL_2339861,South America
Probe_N,29195,G,0.16504,EPI_ISL_1196295｜EPI_ISL_1445144｜EPI_ISL_1445244｜EPI_ISL_1468412｜EPI_ISL_1464629｜EPI_ISL_1493572｜EPI_ISL_1494985｜EPI_ISL_1498919｜EPI_ISL_1520119｜EPI_ISL_1520121｜EPI_ISL_1795063｜EPI_ISL_1795404｜EPI_ISL_1795411｜EPI_ISL_1858567｜EPI_ISL_1966075｜EPI_ISL_1966115｜EPI_ISL_1966699｜EPI_ISL_1967055｜EPI_ISL_2086601｜EPI_ISL_2155047｜EPI_ISL_2345324｜EPI_ISL_2345354｜EPI_ISL_2345408,South America
Probe_N,29179,G,0.12917,EPI_ISL_1068365｜EPI_ISL_1111293｜EPI_ISL_1111455｜EPI_ISL_1167801｜EPI_ISL_1167874｜EPI_ISL_1321545｜EPI_ISL_1445134｜EPI_ISL_1468470｜EPI_ISL_1534671｜EPI_ISL_1583655｜EPI_ISL_1966178｜EPI_ISL_2136148｜EPI_ISL_2209462｜EPI_ISL_2298845｜EPI_ISL_2344858｜EPI_ISL_2345102｜EPI_ISL_2345106｜EPI_ISL_2345734,South America
R_N,29253,C,0.12198,EPI_ISL_1086054｜EPI_ISL_1232736｜EPI_ISL_1629793｜EPI_ISL_1795415｜EPI_ISL_1966710｜EPI_ISL_1966866｜EPI_ISL_2009626｜EPI_ISL_2009627｜EPI_ISL_2136026｜EPI_ISL_2140092｜EPI_ISL_2140101｜EPI_ISL_2187747｜EPI_ISL_2187972｜EPI_ISL_2245095｜EPI_ISL_2271707｜EPI_ISL_2345146｜EPI_ISL_2345479,South America
R_N,29247,C,0.10044,EPI_ISL_1035766｜EPI_ISL_1035767｜EPI_ISL_1470555｜EPI_ISL_1596138｜EPI_ISL_1633369｜EPI_ISL_1633378｜EPI_ISL_1738787｜EPI_ISL_1752641｜EPI_ISL_1792345｜EPI_ISL_1821643｜EPI_ISL_2101685｜EPI_ISL_2249443｜EPI_ISL_2249445｜EPI_ISL_2345844,South America
R_N,29249,C,0.07174,EPI_ISL_1494974｜EPI_ISL_1494975｜EPI_ISL_1966526｜EPI_ISL_2008920｜EPI_ISL_2187684｜EPI_ISL_2187725｜EPI_ISL_2293008｜EPI_ISL_2345705｜EPI_ISL_2345755｜EPI_ISL_2345850,South America
Probe_ORF1b-nsp14,18859,G,0.06471,EPI_ISL_1182554｜EPI_ISL_1213272｜EPI_ISL_1716494｜EPI_ISL_1967191｜EPI_ISL_2017349｜EPI_ISL_2101396｜EPI_ISL_2210243｜EPI_ISL_2344706｜EPI_ISL_2344746,South America
R_ORF1b-nsp14,18907,G,0.05756,EPI_ISL_1583681｜EPI_ISL_1664158｜EPI_ISL_1795098｜EPI_ISL_2187690｜EPI_ISL_2187759｜EPI_ISL_2187805｜EPI_ISL_2344544｜EPI_ISL_2362576,South America
R_N,29250,C,0.05739,EPI_ISL_1232707｜EPI_ISL_1445230｜EPI_ISL_1445271｜EPI_ISL_1858822｜EPI_ISL_1966060｜EPI_ISL_1966092｜EPI_ISL_1967061｜EPI_ISL_2188007,South America
R_ORF1b-nsp14,18909,T,0.03597,EPI_ISL_1167769｜EPI_ISL_1167839｜EPI_ISL_1167865｜EPI_ISL_1321451｜EPI_ISL_1321562,South America
Probe_ORF1b-nsp14,18854,G,0.03595,EPI_ISL_1967275｜EPI_ISL_1967276｜EPI_ISL_1967304｜EPI_ISL_2170939｜EPI_ISL_2227557,South America
F_N,29160,C,0.03588,EPI_ISL_1371223｜EPI_ISL_1596072｜EPI_ISL_1967001｜EPI_ISL_1967003｜EPI_ISL_2139546,South America
F_N,29147,A,0.02871,EPI_ISL_1966345｜EPI_ISL_1966637｜EPI_ISL_1966639｜EPI_ISL_1967162,South America
F_N,29153,C,0.02871,EPI_ISL_1445086｜EPI_ISL_1966106｜EPI_ISL_2017388｜EPI_ISL_2187975,South America
F_N,29162,G,0.0287,EPI_ISL_1629764｜EPI_ISL_1805709｜EPI_ISL_1805715｜EPI_ISL_2344735,South America
Probe_N,29185,T,0.0287,EPI_ISL_1731589｜EPI_ISL_1795219｜EPI_ISL_1966814｜EPI_ISL_2345449,South America
R_ORF1b-nsp14,18898,G,0.02159,EPI_ISL_1495041｜EPI_ISL_1966565｜EPI_ISL_2136121,South America
F_ORF1b-nsp14,18795,C,0.02156,EPI_ISL_962482｜EPI_ISL_1629729｜EPI_ISL_2345670,South America
F_ORF1b-nsp14,18796,C,0.02156,EPI_ISL_1857096｜EPI_ISL_1857097｜EPI_ISL_1857098,South America
Probe_N,29182,A,0.02153,EPI_ISL_1396358｜EPI_ISL_2135708｜EPI_ISL_2158724,South America
Probe_N,29194,T,0.02153,EPI_ISL_1232313｜EPI_ISL_1494952｜EPI_ISL_1633480,South America
R_N,29239,G,0.02152,EPI_ISL_1752658｜EPI_ISL_2245094｜EPI_ISL_2248765,South America
R_N,29245,C,0.02152,EPI_ISL_1966400｜EPI_ISL_1966979｜EPI_ISL_2140115,South America
F_ORF1b-nsp14,18782,G,0.01438,EPI_ISL_1966317｜EPI_ISL_2345845,South America
F_ORF1b-nsp14,18792,T,0.01438,EPI_ISL_2102018｜EPI_ISL_2102063,South America
F_N,29164,T,0.01435,EPI_ISL_1629805｜EPI_ISL_1633481,South America
Probe_N,29188,A,0.01435,EPI_ISL_2249384｜EPI_ISL_2378695,South America
R_ORF1b-nsp14,18895,T,0.0072,EPI_ISL_1492656,South America
R_ORF1b-nsp14,18900,T,0.0072,EPI_ISL_1321504,South America
R_ORF1b-nsp14,18905,G,0.0072,EPI_ISL_2241508,South America
F_ORF1b-nsp14,18781,G,0.00719,EPI_ISL_1522216,South America
F_ORF1b-nsp14,18787,A,0.00719,EPI_ISL_2101521,South America
F_ORF1b-nsp14,18789,A,0.00719,EPI_ISL_2135726,South America
R_ORF1b-nsp14,18892,T,0.00719,EPI_ISL_2274086,South America
Probe_ORF1b-nsp14,18855,T,0.00719,EPI_ISL_1182572,South America
F_N,29150,A,0.00718,EPI_ISL_2187763,South America
F_N,29154,A,0.00718,EPI_ISL_2361473,South America
F_N,29163,A,0.00718,EPI_ISL_2196354,South America
F_N,29165,T,0.00718,EPI_ISL_2220549,South America
Probe_N,29183,A,0.00718,EPI_ISL_2187778,South America
Probe_N,29186,G,0.00718,EPI_ISL_1161405,South America
Probe_N,29191,A,0.00718,EPI_ISL_2248788,South America
F_ORF1b-nsp14,18778,T,0,,South America
F_ORF1b-nsp14,18779,G,0,,South America
F_ORF1b-nsp14,18780,G,0,,South America
F_ORF1b-nsp14,18783,T,0,,South America
F_ORF1b-nsp14,18784,T,0,,South America
F_ORF1b-nsp14,18785,T,0,,South America
F_ORF1b-nsp14,18786,T,0,,South America
F_ORF1b-nsp14,18790,G,0,,South America
F_ORF1b-nsp14,18791,G,0,,South America
F_ORF1b-nsp14,18793,A,0,,South America
F_ORF1b-nsp14,18794,A,0,,South America
F_ORF1b-nsp14,18797,T,0,,South America
R_ORF1b-nsp14,18889,G,0,,South America
R_ORF1b-nsp14,18890,A,0,,South America
R_ORF1b-nsp14,18891,G,0,,South America
R_ORF1b-nsp14,18893,G,0,,South America
R_ORF1b-nsp14,18894,C,0,,South America
R_ORF1b-nsp14,18896,T,0,,South America
R_ORF1b-nsp14,18897,T,0,,South America
R_ORF1b-nsp14,18899,T,0,,South America
R_ORF1b-nsp14,18901,A,0,,South America
R_ORF1b-nsp14,18902,A,0,,South America
R_ORF1b-nsp14,18903,G,0,,South America
R_ORF1b-nsp14,18904,C,0,,South America
R_ORF1b-nsp14,18906,T,0,,South America
R_ORF1b-nsp14,18908,T,0,,South America
Probe_ORF1b-nsp14,18849,T,0,,South America
Probe_ORF1b-nsp14,18850,A,0,,South America
Probe_ORF1b-nsp14,18851,G,0,,South America
Probe_ORF1b-nsp14,18852,T,0,,South America
Probe_ORF1b-nsp14,18853,T,0,,South America
Probe_ORF1b-nsp14,18856,G,0,,South America
Probe_ORF1b-nsp14,18857,A,0,,South America
Probe_ORF1b-nsp14,18858,T,0,,South America
Probe_ORF1b-nsp14,18860,C,0,,South America
Probe_ORF1b-nsp14,18861,A,0,,South America
Probe_ORF1b-nsp14,18862,A,0,,South America
Probe_ORF1b-nsp14,18863,T,0,,South America
Probe_ORF1b-nsp14,18864,C,0,,South America
Probe_ORF1b-nsp14,18865,A,0,,South America
Probe_ORF1b-nsp14,18866,T,0,,South America
Probe_ORF1b-nsp14,18867,G,0,,South America
Probe_ORF1b-nsp14,18868,A,0,,South America
Probe_ORF1b-nsp14,18869,C,0,,South America
Probe_ORF1b-nsp14,18870,T,0,,South America
Probe_ORF1b-nsp14,18871,A,0,,South America
Probe_ORF1b-nsp14,18872,G,0,,South America
F_N,29145,T,0,,South America
F_N,29146,A,0,,South America
F_N,29151,G,0,,South America
F_N,29152,A,0,,South America
F_N,29155,A,0,,South America
F_N,29156,G,0,,South America
F_N,29157,G,0,,South America
F_N,29158,A,0,,South America
F_N,29159,A,0,,South America
F_N,29161,T,0,,South America
F_N,29166,A,0,,South America
R_N,29236,C,0,,South America
R_N,29237,A,0,,South America
R_N,29238,T,0,,South America
R_N,29240,G,0,,South America
R_N,29241,A,0,,South America
R_N,29242,A,0,,South America
R_N,29243,G,0,,South America
R_N,29244,T,0,,South America
R_N,29246,A,0,,South America
R_N,29248,A,0,,South America
R_N,29251,T,0,,South America
R_N,29252,T,0,,South America
Probe_N,29176,G,0,,South America
Probe_N,29177,C,0,,South America
Probe_N,29178,C,0,,South America
Probe_N,29180,C,0,,South America
Probe_N,29181,A,0,,South America
Probe_N,29184,T,0,,South America
Probe_N,29187,C,0,,South America
Probe_N,29189,C,0,,South America
Probe_N,29190,A,0,,South America
Probe_N,29192,T,0,,South America
Probe_N,29193,T,0,,South America
Probe_N,29196,C,0,,South America
