Name,Position,Ref_base,mut_rate_precentage,mut_seqs
F_ORF1b-nsp14,18778,T,0,
F_ORF1b-nsp14,18779,G,0,
F_ORF1b-nsp14,18780,G,0,
F_ORF1b-nsp14,18781,G,0,
F_ORF1b-nsp14,18782,G,0.03586,WHP3736_10301
F_ORF1b-nsp14,18783,T,0,
F_ORF1b-nsp14,18784,T,0,
F_ORF1b-nsp14,18785,T,0,
F_ORF1b-nsp14,18786,T,0.03586,WHP2051_4089
F_ORF1b-nsp14,18787,A,0,
F_ORF1b-nsp14,18788,C,0.14342,"WHP3886_10831, WHP3894_10837, WHP4003_10878, WHP2063-S1_4133"
F_ORF1b-nsp14,18789,A,0,
F_ORF1b-nsp14,18790,G,0,
F_ORF1b-nsp14,18791,G,0,
F_ORF1b-nsp14,18792,T,0,
F_ORF1b-nsp14,18793,A,0,
F_ORF1b-nsp14,18794,A,0,
F_ORF1b-nsp14,18795,C,0,
F_ORF1b-nsp14,18796,C,0,
F_ORF1b-nsp14,18797,T,0,
R_ORF1b-nsp14,18889,G,0,
R_ORF1b-nsp14,18890,A,0,
R_ORF1b-nsp14,18891,G,0.03589,WHP3498_9080
R_ORF1b-nsp14,18892,T,0,
R_ORF1b-nsp14,18893,G,0,
R_ORF1b-nsp14,18894,C,0,
R_ORF1b-nsp14,18895,T,0,
R_ORF1b-nsp14,18896,T,0,
R_ORF1b-nsp14,18897,T,0,
R_ORF1b-nsp14,18898,G,0.07181,"WHP3813_10186, WHP3817_10185"
R_ORF1b-nsp14,18899,T,0,
R_ORF1b-nsp14,18900,T,0,
R_ORF1b-nsp14,18901,A,0,
R_ORF1b-nsp14,18902,A,0,
R_ORF1b-nsp14,18903,G,0,
R_ORF1b-nsp14,18904,C,0,
R_ORF1b-nsp14,18905,G,0,
R_ORF1b-nsp14,18906,T,0,
R_ORF1b-nsp14,18907,G,0.03589,WHP2661_5497
R_ORF1b-nsp14,18908,T,0,
R_ORF1b-nsp14,18909,T,0,
Probe_ORF1b-nsp14,18849,T,0,
Probe_ORF1b-nsp14,18850,A,0,
Probe_ORF1b-nsp14,18851,G,0,
Probe_ORF1b-nsp14,18852,T,0,
Probe_ORF1b-nsp14,18853,T,0,
Probe_ORF1b-nsp14,18854,G,0,
Probe_ORF1b-nsp14,18855,T,0,
Probe_ORF1b-nsp14,18856,G,0,
Probe_ORF1b-nsp14,18857,A,0,
Probe_ORF1b-nsp14,18858,T,0,
Probe_ORF1b-nsp14,18859,G,0.03589,WHP2530_5313
Probe_ORF1b-nsp14,18860,C,0,
Probe_ORF1b-nsp14,18861,A,0,
Probe_ORF1b-nsp14,18862,A,0,
Probe_ORF1b-nsp14,18863,T,0,
Probe_ORF1b-nsp14,18864,C,0,
Probe_ORF1b-nsp14,18865,A,0,
Probe_ORF1b-nsp14,18866,T,0,
Probe_ORF1b-nsp14,18867,G,0,
Probe_ORF1b-nsp14,18868,A,0,
Probe_ORF1b-nsp14,18869,C,0,
Probe_ORF1b-nsp14,18870,T,0,
Probe_ORF1b-nsp14,18871,A,0,
Probe_ORF1b-nsp14,18872,G,0,
F_N,29145,T,0,
F_N,29146,A,0,
F_N,29147,A,0,
F_N,29148,T,0,
F_N,29149,C,0.03597,WHP2531_5314
F_N,29150,A,0,
F_N,29151,G,0,
F_N,29152,A,0,
F_N,29153,C,0.03597,WHP4546_11755
F_N,29154,A,0,
F_N,29155,A,0,
F_N,29156,G,0,
F_N,29157,G,0,
F_N,29158,A,0,
F_N,29159,A,0,
F_N,29160,C,0,
F_N,29161,T,0,
F_N,29162,G,0,
F_N,29163,A,0,
F_N,29164,T,0,
F_N,29165,T,0,
F_N,29166,A,0,
R_N,29236,C,0,
R_N,29237,A,0,
R_N,29238,T,0,
R_N,29239,G,0,
R_N,29240,G,0,
R_N,29241,A,0,
R_N,29242,A,0,
R_N,29243,G,0,
R_N,29244,T,0,
R_N,29245,C,0,
R_N,29246,A,0,
R_N,29247,C,0.07192,"WHP2655_5485, WHP3212_6400"
R_N,29248,A,0,
R_N,29249,C,0.14383,"WHP1458_1760, WHP1512_1968, WHP1681_2527, WHP1901_3373"
R_N,29250,C,0.10791,"WHP4022_11088, WHP4095_11112, WHP4247_11375"
R_N,29251,T,0,
R_N,29252,T,0,
R_N,29253,C,0.07192,"WHP1323_1119, WHP1324_NA"
R_N,29254,G,0,
Probe_N,29176,G,0,
Probe_N,29177,C,0,
Probe_N,29178,C,0,
Probe_N,29179,G,0.21583,"WHP2655_5485, WHP2666_5478, WHP3212_6400, WHP3495_9005, WHP4501_11712, WHP4679-S1-iseq_11478"
Probe_N,29180,C,0,
Probe_N,29181,A,0,
Probe_N,29182,A,0,
Probe_N,29183,A,0,
Probe_N,29184,T,0,
Probe_N,29185,T,0,
Probe_N,29186,G,0,
Probe_N,29187,C,0,
Probe_N,29188,A,0,
Probe_N,29189,C,0,
Probe_N,29190,A,0,
Probe_N,29191,A,0,
Probe_N,29192,T,0,
Probe_N,29193,T,0,
Probe_N,29194,T,0,
Probe_N,29195,G,0,
Probe_N,29196,C,0,
